-- --------------------------------------------------------
-- Host:                         localhost
-- Server version:               5.7.9 - MySQL Community Server (GPL)
-- Server OS:                    Win64
-- HeidiSQL Version:             9.4.0.5170
-- --------------------------------------------------------

/*!40101 SET @OLD_CHARACTER_SET_CLIENT=@@CHARACTER_SET_CLIENT */;
/*!40101 SET NAMES utf8 */;
/*!50503 SET NAMES utf8mb4 */;
/*!40014 SET @OLD_FOREIGN_KEY_CHECKS=@@FOREIGN_KEY_CHECKS, FOREIGN_KEY_CHECKS=0 */;
/*!40101 SET @OLD_SQL_MODE=@@SQL_MODE, SQL_MODE='NO_AUTO_VALUE_ON_ZERO' */;


-- Dumping database structure for bps1101_db_phenomenom
DROP DATABASE IF EXISTS `bps1101_db_phenomenom`;
CREATE DATABASE IF NOT EXISTS `bps1101_db_phenomenom` /*!40100 DEFAULT CHARACTER SET latin1 */;
USE `bps1101_db_phenomenom`;

-- Dumping structure for table bps1101_db_phenomenom.auth_assignment
DROP TABLE IF EXISTS `auth_assignment`;
CREATE TABLE IF NOT EXISTS `auth_assignment` (
  `item_name` varchar(64) COLLATE utf8_unicode_ci NOT NULL,
  `user_id` varchar(64) COLLATE utf8_unicode_ci NOT NULL,
  `created_at` int(11) DEFAULT NULL,
  PRIMARY KEY (`item_name`,`user_id`),
  CONSTRAINT `auth_assignment_ibfk_1` FOREIGN KEY (`item_name`) REFERENCES `auth_item` (`name`) ON DELETE CASCADE ON UPDATE CASCADE
) ENGINE=InnoDB DEFAULT CHARSET=utf8 COLLATE=utf8_unicode_ci;

-- Dumping data for table bps1101_db_phenomenom.auth_assignment: ~5 rows (approximately)
/*!40000 ALTER TABLE `auth_assignment` DISABLE KEYS */;
INSERT INTO `auth_assignment` (`item_name`, `user_id`, `created_at`) VALUES
	('Administrator', '1', 1492859041),
	('Member', '11', 1493190584),
	('Member', '4', 1492859247),
	('Pemantau', '19', 1493300484);
/*!40000 ALTER TABLE `auth_assignment` ENABLE KEYS */;

-- Dumping structure for table bps1101_db_phenomenom.auth_item
DROP TABLE IF EXISTS `auth_item`;
CREATE TABLE IF NOT EXISTS `auth_item` (
  `name` varchar(64) COLLATE utf8_unicode_ci NOT NULL,
  `type` smallint(6) NOT NULL,
  `description` text COLLATE utf8_unicode_ci,
  `rule_name` varchar(64) COLLATE utf8_unicode_ci DEFAULT NULL,
  `data` blob,
  `created_at` int(11) DEFAULT NULL,
  `updated_at` int(11) DEFAULT NULL,
  PRIMARY KEY (`name`),
  KEY `rule_name` (`rule_name`),
  KEY `idx-auth_item-type` (`type`),
  CONSTRAINT `auth_item_ibfk_1` FOREIGN KEY (`rule_name`) REFERENCES `auth_rule` (`name`) ON DELETE SET NULL ON UPDATE CASCADE
) ENGINE=InnoDB DEFAULT CHARSET=utf8 COLLATE=utf8_unicode_ci;

-- Dumping data for table bps1101_db_phenomenom.auth_item: ~40 rows (approximately)
/*!40000 ALTER TABLE `auth_item` DISABLE KEYS */;
INSERT INTO `auth_item` (`name`, `type`, `description`, `rule_name`, `data`, `created_at`, `updated_at`) VALUES
	('/*', 2, NULL, NULL, NULL, 1492813780, 1492813780),
	('/fenomena/*', 2, NULL, NULL, NULL, 1492813818, 1492813818),
	('/fenomena/create', 2, NULL, NULL, NULL, 1492859232, 1492859232),
	('/fenomena/delete', 2, NULL, NULL, NULL, 1492859233, 1492859233),
	('/fenomena/index', 2, NULL, NULL, NULL, 1492859225, 1492859225),
	('/fenomena/update', 2, NULL, NULL, NULL, 1492859235, 1492859235),
	('/fenomena/upload', 2, NULL, NULL, NULL, 1492859236, 1492859236),
	('/fenomena/view', 2, NULL, NULL, NULL, 1492859227, 1492859227),
	('/m-kategori-pdrb/index', 2, NULL, NULL, NULL, 1492867683, 1492867683),
	('/m-kategori-pdrb/view', 2, NULL, NULL, NULL, 1492867685, 1492867685),
	('/m-pdrb/index', 2, NULL, NULL, NULL, 1492867683, 1492867683),
	('/m-pdrb/view', 2, NULL, NULL, NULL, 1492867685, 1492867685),
	('/m-sub-kategori/index', 2, NULL, NULL, NULL, 1492867684, 1492867684),
	('/m-sub-kategori/view', 2, NULL, NULL, NULL, 1492867685, 1492867685),
	('/m-subkategori/index', 2, NULL, NULL, NULL, 1493364080, 1493364080),
	('/m-subkategori/view', 2, NULL, NULL, NULL, 1493364040, 1493364040),
	('/mimin/*', 2, NULL, NULL, NULL, 1492813838, 1492813838),
	('/mimin/role/*', 2, NULL, NULL, NULL, 1492813839, 1492813839),
	('/mimin/role/index', 2, NULL, NULL, NULL, 1492952678, 1492952678),
	('/mimin/role/view', 2, NULL, NULL, NULL, 1493300957, 1493300957),
	('/mimin/route/*', 2, NULL, NULL, NULL, 1492813840, 1492813840),
	('/mimin/route/view', 2, NULL, NULL, NULL, 1493300959, 1493300959),
	('/mimin/user/*', 2, NULL, NULL, NULL, 1492813841, 1492813841),
	('/mimin/user/index', 2, NULL, NULL, NULL, 1492952679, 1492952679),
	('/mimin/user/view', 2, NULL, NULL, NULL, 1493300961, 1493300961),
	('/mkategori-pdrb/*', 2, NULL, NULL, NULL, 1492813842, 1492813842),
	('/mkategori-pdrb/index', 2, NULL, NULL, NULL, 1492867098, 1492867098),
	('/mkategori-pdrb/view', 2, NULL, NULL, NULL, 1492867100, 1492867100),
	('/mpdrb/*', 2, NULL, NULL, NULL, 1492813842, 1492813842),
	('/mpdrb/index', 2, NULL, NULL, NULL, 1492867100, 1492867100),
	('/mpdrb/view', 2, NULL, NULL, NULL, 1492867101, 1492867101),
	('/msub-kategori/*', 2, NULL, NULL, NULL, 1492813843, 1492813843),
	('/msub-kategori/index', 2, NULL, NULL, NULL, 1492867101, 1492867101),
	('/msub-kategori/view', 2, NULL, NULL, NULL, 1492867102, 1492867102),
	('/rekap-fenomena/*', 2, NULL, NULL, NULL, 1492813844, 1492813844),
	('/rekap-fenomena/index', 2, NULL, NULL, NULL, 1492867108, 1492867108),
	('/rekap-fenomena/tabulasi', 2, NULL, NULL, NULL, 1492867767, 1492867767),
	('/rekap-fenomena/view', 2, NULL, NULL, NULL, 1492867115, 1492867115),
	('/site/*', 2, NULL, NULL, NULL, 1492813845, 1492813845),
	('/site/error', 2, NULL, NULL, NULL, 1493776004, 1493776004),
	('/site/index', 2, NULL, NULL, NULL, 1492952684, 1492952684),
	('/site/login', 2, NULL, NULL, NULL, 1493776064, 1493776064),
	('/site/logout', 2, NULL, NULL, NULL, 1493776011, 1493776011),
	('/user-profil/*', 2, NULL, NULL, NULL, 1492813846, 1492813846),
	('/user-profil/index', 2, NULL, NULL, NULL, 1492952692, 1492952692),
	('/user-profil/update', 2, NULL, NULL, NULL, 1493776073, 1493776073),
	('/user-profil/view', 2, NULL, NULL, NULL, 1493776074, 1493776074),
	('Administrator', 1, NULL, NULL, NULL, 1492858889, 1492859025),
	('Member', 1, NULL, NULL, NULL, 1492859220, 1493301007),
	('Pemantau', 1, NULL, NULL, NULL, 1492952667, 1493776021);
/*!40000 ALTER TABLE `auth_item` ENABLE KEYS */;

-- Dumping structure for table bps1101_db_phenomenom.auth_item_child
DROP TABLE IF EXISTS `auth_item_child`;
CREATE TABLE IF NOT EXISTS `auth_item_child` (
  `parent` varchar(64) COLLATE utf8_unicode_ci NOT NULL,
  `child` varchar(64) COLLATE utf8_unicode_ci NOT NULL,
  PRIMARY KEY (`parent`,`child`),
  KEY `child` (`child`),
  CONSTRAINT `auth_item_child_ibfk_1` FOREIGN KEY (`parent`) REFERENCES `auth_item` (`name`) ON DELETE CASCADE ON UPDATE CASCADE,
  CONSTRAINT `auth_item_child_ibfk_2` FOREIGN KEY (`child`) REFERENCES `auth_item` (`name`) ON DELETE CASCADE ON UPDATE CASCADE
) ENGINE=InnoDB DEFAULT CHARSET=utf8 COLLATE=utf8_unicode_ci;

-- Dumping data for table bps1101_db_phenomenom.auth_item_child: ~51 rows (approximately)
/*!40000 ALTER TABLE `auth_item_child` DISABLE KEYS */;
INSERT INTO `auth_item_child` (`parent`, `child`) VALUES
	('Administrator', '/*'),
	('Administrator', '/fenomena/*'),
	('Member', '/fenomena/create'),
	('Member', '/fenomena/delete'),
	('Member', '/fenomena/index'),
	('Pemantau', '/fenomena/index'),
	('Member', '/fenomena/update'),
	('Member', '/fenomena/upload'),
	('Member', '/fenomena/view'),
	('Member', '/m-kategori-pdrb/index'),
	('Pemantau', '/m-kategori-pdrb/index'),
	('Member', '/m-kategori-pdrb/view'),
	('Member', '/m-pdrb/index'),
	('Pemantau', '/m-pdrb/index'),
	('Member', '/m-pdrb/view'),
	('Member', '/m-sub-kategori/index'),
	('Pemantau', '/m-sub-kategori/index'),
	('Member', '/m-sub-kategori/view'),
	('Member', '/m-subkategori/index'),
	('Pemantau', '/m-subkategori/index'),
	('Member', '/m-subkategori/view'),
	('Administrator', '/mimin/*'),
	('Administrator', '/mimin/role/*'),
	('Pemantau', '/mimin/role/index'),
	('Member', '/mimin/role/view'),
	('Administrator', '/mimin/route/*'),
	('Member', '/mimin/route/view'),
	('Administrator', '/mimin/user/*'),
	('Pemantau', '/mimin/user/index'),
	('Member', '/mimin/user/view'),
	('Administrator', '/mkategori-pdrb/*'),
	('Member', '/mkategori-pdrb/index'),
	('Member', '/mkategori-pdrb/view'),
	('Administrator', '/mpdrb/*'),
	('Member', '/mpdrb/index'),
	('Member', '/mpdrb/view'),
	('Administrator', '/msub-kategori/*'),
	('Member', '/msub-kategori/index'),
	('Member', '/msub-kategori/view'),
	('Administrator', '/rekap-fenomena/*'),
	('Pemantau', '/rekap-fenomena/index'),
	('Administrator', '/site/*'),
	('Member', '/site/index'),
	('Pemantau', '/site/index'),
	('Member', '/site/login'),
	('Member', '/site/logout'),
	('Pemantau', '/site/logout'),
	('Administrator', '/user-profil/*'),
	('Member', '/user-profil/index'),
	('Pemantau', '/user-profil/index'),
	('Member', '/user-profil/update'),
	('Member', '/user-profil/view');
/*!40000 ALTER TABLE `auth_item_child` ENABLE KEYS */;

-- Dumping structure for table bps1101_db_phenomenom.auth_rule
DROP TABLE IF EXISTS `auth_rule`;
CREATE TABLE IF NOT EXISTS `auth_rule` (
  `name` varchar(64) COLLATE utf8_unicode_ci NOT NULL,
  `data` blob,
  `created_at` int(11) DEFAULT NULL,
  `updated_at` int(11) DEFAULT NULL,
  PRIMARY KEY (`name`)
) ENGINE=InnoDB DEFAULT CHARSET=utf8 COLLATE=utf8_unicode_ci;

-- Dumping data for table bps1101_db_phenomenom.auth_rule: ~0 rows (approximately)
/*!40000 ALTER TABLE `auth_rule` DISABLE KEYS */;
/*!40000 ALTER TABLE `auth_rule` ENABLE KEYS */;

-- Dumping structure for table bps1101_db_phenomenom.migration
DROP TABLE IF EXISTS `migration`;
CREATE TABLE IF NOT EXISTS `migration` (
  `version` varchar(180) NOT NULL,
  `apply_time` int(11) DEFAULT NULL,
  PRIMARY KEY (`version`)
) ENGINE=MyISAM DEFAULT CHARSET=latin1;

-- Dumping data for table bps1101_db_phenomenom.migration: 4 rows
/*!40000 ALTER TABLE `migration` DISABLE KEYS */;
INSERT INTO `migration` (`version`, `apply_time`) VALUES
	('m000000_000000_base', 1492263694),
	('m130524_201442_init', 1492265555),
	('m151024_072453_create_route_table', 1492812836),
	('m140506_102106_rbac_init', 1492813382);
/*!40000 ALTER TABLE `migration` ENABLE KEYS */;

-- Dumping structure for table bps1101_db_phenomenom.m_kategori_pdrb
DROP TABLE IF EXISTS `m_kategori_pdrb`;
CREATE TABLE IF NOT EXISTS `m_kategori_pdrb` (
  `id_kategori` int(2) NOT NULL AUTO_INCREMENT,
  `id_pdrb` int(1) NOT NULL,
  `kategori_pdrb` varchar(255) DEFAULT NULL,
  `kode_kategori` varchar(10) DEFAULT NULL,
  PRIMARY KEY (`id_kategori`)
) ENGINE=InnoDB AUTO_INCREMENT=24 DEFAULT CHARSET=latin1;

-- Dumping data for table bps1101_db_phenomenom.m_kategori_pdrb: ~23 rows (approximately)
/*!40000 ALTER TABLE `m_kategori_pdrb` DISABLE KEYS */;
INSERT INTO `m_kategori_pdrb` (`id_kategori`, `id_pdrb`, `kategori_pdrb`, `kode_kategori`) VALUES
	(1, 1, 'Pertanian, Kehutanan dan Perikanan', 'A'),
	(2, 1, 'Pertambangan dan Penggalian', 'B'),
	(3, 1, 'Industri Pengolahan', 'C'),
	(4, 1, 'Pengadaan Listrik dan Gas', 'D'),
	(5, 1, 'Pengadaan Air, Pengelolaan Sampah, Limbah', 'E'),
	(6, 1, 'Konstruksi', 'F'),
	(7, 1, 'Perdagangan Besar dan Eceran; Reparasi Mobil dan Sepeda Motor', 'G'),
	(8, 1, 'Transportasi dan Pergudangan', 'H'),
	(9, 1, 'Penyediaan Akomodasi dan Makan Minum', 'I'),
	(10, 1, 'Informasi dan Komunikasi', 'J'),
	(11, 1, 'Jasa Keuangan dan Asuransi', 'K'),
	(12, 1, 'Real Estate', 'L'),
	(13, 1, 'Jasa Perusahaan', 'M,N'),
	(14, 1, 'Administrasi Pemerintahan, Pertahanan dan Jaminan Sosial Wajib', 'O'),
	(15, 1, 'Jasa Pendidikan', 'P'),
	(16, 1, 'Jasa Kesehatan dan Kegiatan Sosial', 'Q'),
	(17, 1, 'Jasa Lainnya', 'R,S,T,U'),
	(18, 2, 'a. Konsumsi Rumah Tangga', 'a'),
	(19, 2, 'b. Pengeluaran Konsumsi Lembaga Swasta Nirlaba', 'b'),
	(20, 2, 'c. Pengeluaran Konsumsi Pemerintah', 'c'),
	(21, 2, 'd. Pembentukan Modal Tetap Bruto', 'd'),
	(22, 2, 'e. Perubahan Inventori', 'e'),
	(23, 2, 'h. Net Ekspor Antar Daerah', 'h');
/*!40000 ALTER TABLE `m_kategori_pdrb` ENABLE KEYS */;

-- Dumping structure for table bps1101_db_phenomenom.m_pdrb
DROP TABLE IF EXISTS `m_pdrb`;
CREATE TABLE IF NOT EXISTS `m_pdrb` (
  `id_pdrb` int(1) NOT NULL AUTO_INCREMENT,
  `uraian_pdrb` varchar(50) DEFAULT NULL,
  PRIMARY KEY (`id_pdrb`)
) ENGINE=InnoDB AUTO_INCREMENT=3 DEFAULT CHARSET=latin1;

-- Dumping data for table bps1101_db_phenomenom.m_pdrb: ~2 rows (approximately)
/*!40000 ALTER TABLE `m_pdrb` DISABLE KEYS */;
INSERT INTO `m_pdrb` (`id_pdrb`, `uraian_pdrb`) VALUES
	(1, 'PDRB Menurut Lapangan Usaha'),
	(2, 'PDRB Menurut Pengeluaran');
/*!40000 ALTER TABLE `m_pdrb` ENABLE KEYS */;

-- Dumping structure for table bps1101_db_phenomenom.m_subkategori
DROP TABLE IF EXISTS `m_subkategori`;
CREATE TABLE IF NOT EXISTS `m_subkategori` (
  `id_sub` int(2) NOT NULL AUTO_INCREMENT,
  `id_pdrb` int(1) DEFAULT NULL,
  `id_kategori` int(2) DEFAULT NULL,
  `nama_sub` varchar(255) DEFAULT NULL,
  PRIMARY KEY (`id_sub`)
) ENGINE=InnoDB AUTO_INCREMENT=24 DEFAULT CHARSET=latin1;

-- Dumping data for table bps1101_db_phenomenom.m_subkategori: ~21 rows (approximately)
/*!40000 ALTER TABLE `m_subkategori` DISABLE KEYS */;
INSERT INTO `m_subkategori` (`id_sub`, `id_pdrb`, `id_kategori`, `nama_sub`) VALUES
	(1, 1, 1, ' Pertanian, Peternakan, Perburuan dan Jasa Pertanian'),
	(2, 1, 1, ' Kehutanan dan Penebangan Kayu'),
	(3, 1, 1, 'Perikanan'),
	(4, 1, 2, 'Pertambangan Minyak dan Gas Bumi'),
	(5, 1, 2, 'Pertambangan Batubara dan Lignit'),
	(6, 1, 2, 'Pertambangan Bijih Logam'),
	(7, 1, 2, 'Pertambangan dan Penggalian Lainnya'),
	(8, 2, 18, '1. Makanan dan Minuman Non Beralkohol'),
	(9, 2, 18, '2. Minuman Beralkohol dan Rokok'),
	(10, 2, 18, '3. Pakaian'),
	(11, 2, 18, '4. Perumahan, Air, Listrik, Gas dan Bahan Bakar Lainnya'),
	(12, 2, 18, '5. Perabot, Peralatan rumahtangga dan Pemeliharaan Rutin Rumah'),
	(13, 2, 18, '6. Kesehatan'),
	(14, 2, 18, '7. Transportasi/Angkutan'),
	(15, 2, 18, '8. Komunikasi'),
	(16, 2, 18, '9. Rekreasi dan Budaya'),
	(17, 2, 18, '10. Pendidikan'),
	(18, 2, 18, '11. Penginapan dan Hotel'),
	(19, 2, 18, '12. Barang Pribadi dan Jasa Perorangan'),
	(20, 2, 21, '1. Bangunan'),
	(21, 2, 21, '2. Non Bangunan'),
	(22, 2, 23, '1. Ekspor'),
	(23, 2, 23, '2. Impor');
/*!40000 ALTER TABLE `m_subkategori` ENABLE KEYS */;

-- Dumping structure for table bps1101_db_phenomenom.m_tag
DROP TABLE IF EXISTS `m_tag`;
CREATE TABLE IF NOT EXISTS `m_tag` (
  `id-tag` int(11) NOT NULL AUTO_INCREMENT,
  `nama_tag` varchar(50) DEFAULT '0',
  PRIMARY KEY (`id-tag`)
) ENGINE=InnoDB DEFAULT CHARSET=latin1 COMMENT='Daftar tag';

-- Dumping data for table bps1101_db_phenomenom.m_tag: ~0 rows (approximately)
/*!40000 ALTER TABLE `m_tag` DISABLE KEYS */;
/*!40000 ALTER TABLE `m_tag` ENABLE KEYS */;

-- Dumping structure for table bps1101_db_phenomenom.m_tahun
DROP TABLE IF EXISTS `m_tahun`;
CREATE TABLE IF NOT EXISTS `m_tahun` (
  `id_tahun` int(11) NOT NULL AUTO_INCREMENT,
  `tahun_data` year(4) DEFAULT NULL,
  `is_active` int(1) DEFAULT NULL,
  PRIMARY KEY (`id_tahun`)
) ENGINE=InnoDB AUTO_INCREMENT=9 DEFAULT CHARSET=latin1 COMMENT='Master Tahun';

-- Dumping data for table bps1101_db_phenomenom.m_tahun: ~8 rows (approximately)
/*!40000 ALTER TABLE `m_tahun` DISABLE KEYS */;
INSERT INTO `m_tahun` (`id_tahun`, `tahun_data`, `is_active`) VALUES
	(1, '2010', 0),
	(2, '2011', 0),
	(3, '2012', 0),
	(4, '2013', 0),
	(5, '2014', 0),
	(6, '2015', 1),
	(7, '2016', 1),
	(8, '2017', 1);
/*!40000 ALTER TABLE `m_tahun` ENABLE KEYS */;

-- Dumping structure for table bps1101_db_phenomenom.rekap_fenomena
DROP TABLE IF EXISTS `rekap_fenomena`;
CREATE TABLE IF NOT EXISTS `rekap_fenomena` (
  `id` int(11) NOT NULL AUTO_INCREMENT,
  `tahun` year(4) DEFAULT NULL,
  `triwulan` int(11) DEFAULT NULL,
  `id_pdrb` int(11) DEFAULT NULL,
  `id_kategori` int(11) DEFAULT NULL,
  `id_subkategori` int(11) DEFAULT NULL,
  `series` int(1) DEFAULT NULL COMMENT '1 ''q to q'' 2 ''y on y'' 3 ''laju implisit''',
  `pertumbuhan` int(1) DEFAULT '1' COMMENT '0 ''turun'' 1''tetap'' 2 ''naik''',
  PRIMARY KEY (`id`)
) ENGINE=InnoDB AUTO_INCREMENT=499 DEFAULT CHARSET=latin1 COMMENT='Tabel tabulasi daftar fenomena';

-- Dumping data for table bps1101_db_phenomenom.rekap_fenomena: ~498 rows (approximately)
/*!40000 ALTER TABLE `rekap_fenomena` DISABLE KEYS */;
INSERT INTO `rekap_fenomena` (`id`, `tahun`, `triwulan`, `id_pdrb`, `id_kategori`, `id_subkategori`, `series`, `pertumbuhan`) VALUES
	(1, '2017', 1, 2, 18, 8, NULL, 1),
	(2, '2017', 1, 2, 18, 9, NULL, 1),
	(3, '2017', 1, 2, 18, 10, NULL, 1),
	(4, '2017', 1, 2, 18, 11, NULL, 1),
	(5, '2017', 1, 2, 18, 12, NULL, 1),
	(6, '2017', 1, 2, 18, 13, NULL, 1),
	(7, '2017', 1, 2, 18, 14, NULL, 1),
	(8, '2017', 1, 2, 18, 15, NULL, 1),
	(9, '2017', 1, 2, 18, 16, NULL, 1),
	(10, '2017', 1, 2, 18, 17, NULL, 1),
	(11, '2017', 1, 2, 18, 18, NULL, 1),
	(12, '2017', 1, 2, 18, 19, NULL, 1),
	(13, '2017', 1, 2, 21, 20, NULL, 1),
	(14, '2017', 1, 2, 21, 21, NULL, 1),
	(15, '2017', 1, 2, 23, 22, NULL, 1),
	(16, '2017', 1, 2, 23, 23, NULL, 1),
	(17, '2017', 1, 2, 18, NULL, NULL, 1),
	(18, '2017', 1, 2, 19, NULL, NULL, 2),
	(19, '2017', 1, 2, 20, NULL, NULL, 1),
	(20, '2017', 1, 2, 21, NULL, NULL, 1),
	(21, '2017', 1, 2, 22, NULL, NULL, 1),
	(22, '2017', 1, 2, 23, NULL, NULL, 1),
	(23, '2017', 2, 2, 18, 8, NULL, 1),
	(24, '2017', 2, 2, 18, 9, NULL, 1),
	(25, '2017', 2, 2, 18, 10, NULL, 1),
	(26, '2017', 2, 2, 18, 11, NULL, 1),
	(27, '2017', 2, 2, 18, 12, NULL, 1),
	(28, '2017', 2, 2, 18, 13, NULL, 1),
	(29, '2017', 2, 2, 18, 14, NULL, 1),
	(30, '2017', 2, 2, 18, 15, NULL, 1),
	(31, '2017', 2, 2, 18, 16, NULL, 1),
	(32, '2017', 2, 2, 18, 17, NULL, 1),
	(33, '2017', 2, 2, 18, 18, NULL, 1),
	(34, '2017', 2, 2, 18, 19, NULL, 1),
	(35, '2017', 2, 2, 21, 20, NULL, 1),
	(36, '2017', 2, 2, 21, 21, NULL, 1),
	(37, '2017', 2, 2, 23, 22, NULL, 1),
	(38, '2017', 2, 2, 23, 23, NULL, 1),
	(39, '2017', 2, 2, 18, NULL, NULL, 1),
	(40, '2017', 2, 2, 19, NULL, NULL, 1),
	(41, '2017', 2, 2, 20, NULL, NULL, 1),
	(42, '2017', 2, 2, 21, NULL, NULL, 1),
	(43, '2017', 2, 2, 22, NULL, NULL, 1),
	(44, '2017', 2, 2, 23, NULL, NULL, 1),
	(45, '2017', 2, 1, 1, 1, 3, 1),
	(46, '2017', 2, 1, 1, 2, 3, 2),
	(47, '2017', 2, 1, 1, 3, 3, 1),
	(48, '2017', 2, 1, 2, 4, 3, 1),
	(49, '2017', 2, 1, 2, 5, 3, 1),
	(50, '2017', 2, 1, 2, 6, 3, 1),
	(51, '2017', 2, 1, 2, 7, 3, 1),
	(52, '2017', 2, 1, 1, NULL, 3, 1),
	(53, '2017', 2, 1, 2, NULL, 3, 1),
	(54, '2017', 2, 1, 3, NULL, 3, 1),
	(55, '2017', 2, 1, 4, NULL, 3, 1),
	(56, '2017', 2, 1, 5, NULL, 3, 1),
	(57, '2017', 2, 1, 6, NULL, 3, 1),
	(58, '2017', 2, 1, 7, NULL, 3, 1),
	(59, '2017', 2, 1, 8, NULL, 3, 1),
	(60, '2017', 2, 1, 9, NULL, 3, 1),
	(61, '2017', 2, 1, 10, NULL, 3, 1),
	(62, '2017', 2, 1, 11, NULL, 3, 1),
	(63, '2017', 2, 1, 12, NULL, 3, 1),
	(64, '2017', 2, 1, 13, NULL, 3, 1),
	(65, '2017', 2, 1, 14, NULL, 3, 1),
	(66, '2017', 2, 1, 15, NULL, 3, 1),
	(67, '2017', 2, 1, 16, NULL, 3, 1),
	(68, '2017', 2, 1, 17, NULL, 3, 1),
	(69, '2017', 2, 1, 1, 1, 2, 1),
	(70, '2017', 2, 1, 1, 2, 2, 1),
	(71, '2017', 2, 1, 1, 3, 2, 1),
	(72, '2017', 2, 1, 2, 4, 2, 1),
	(73, '2017', 2, 1, 2, 5, 2, 1),
	(74, '2017', 2, 1, 2, 6, 2, 1),
	(75, '2017', 2, 1, 2, 7, 2, 1),
	(76, '2017', 2, 1, 1, NULL, 2, 1),
	(77, '2017', 2, 1, 2, NULL, 2, 1),
	(78, '2017', 2, 1, 3, NULL, 2, 1),
	(79, '2017', 2, 1, 4, NULL, 2, 1),
	(80, '2017', 2, 1, 5, NULL, 2, 1),
	(81, '2017', 2, 1, 6, NULL, 2, 1),
	(82, '2017', 2, 1, 7, NULL, 2, 1),
	(83, '2017', 2, 1, 8, NULL, 2, 1),
	(84, '2017', 2, 1, 9, NULL, 2, 1),
	(85, '2017', 2, 1, 10, NULL, 2, 1),
	(86, '2017', 2, 1, 11, NULL, 2, 1),
	(87, '2017', 2, 1, 12, NULL, 2, 1),
	(88, '2017', 2, 1, 13, NULL, 2, 1),
	(89, '2017', 2, 1, 14, NULL, 2, 1),
	(90, '2017', 2, 1, 15, NULL, 2, 1),
	(91, '2017', 2, 1, 16, NULL, 2, 1),
	(92, '2017', 2, 1, 17, NULL, 2, 1),
	(93, '2017', 2, 1, 1, 1, 1, 1),
	(94, '2017', 2, 1, 1, 2, 1, 1),
	(95, '2017', 2, 1, 1, 3, 1, 1),
	(96, '2017', 2, 1, 2, 4, 1, 1),
	(97, '2017', 2, 1, 2, 5, 1, 1),
	(98, '2017', 2, 1, 2, 6, 1, 1),
	(99, '2017', 2, 1, 2, 7, 1, 1),
	(100, '2017', 2, 1, 1, NULL, 1, 1),
	(101, '2017', 2, 1, 2, NULL, 1, 1),
	(102, '2017', 2, 1, 3, NULL, 1, 1),
	(103, '2017', 2, 1, 4, NULL, 1, 1),
	(104, '2017', 2, 1, 5, NULL, 1, 1),
	(105, '2017', 2, 1, 6, NULL, 1, 1),
	(106, '2017', 2, 1, 7, NULL, 1, 1),
	(107, '2017', 2, 1, 8, NULL, 1, 1),
	(108, '2017', 2, 1, 9, NULL, 1, 1),
	(109, '2017', 2, 1, 10, NULL, 1, 1),
	(110, '2017', 2, 1, 11, NULL, 1, 1),
	(111, '2017', 2, 1, 12, NULL, 1, 1),
	(112, '2017', 2, 1, 13, NULL, 1, 1),
	(113, '2017', 2, 1, 14, NULL, 1, 1),
	(114, '2017', 2, 1, 15, NULL, 1, 1),
	(115, '2017', 2, 1, 16, NULL, 1, 1),
	(116, '2017', 2, 1, 17, NULL, 1, 1),
	(117, '2017', 4, 1, 1, 1, 3, 1),
	(118, '2017', 4, 1, 1, 2, 3, 1),
	(119, '2017', 4, 1, 1, 3, 3, 1),
	(120, '2017', 4, 1, 2, 4, 3, 1),
	(121, '2017', 4, 1, 2, 5, 3, 1),
	(122, '2017', 4, 1, 2, 6, 3, 1),
	(123, '2017', 4, 1, 2, 7, 3, 1),
	(124, '2017', 4, 1, 1, NULL, 3, 1),
	(125, '2017', 4, 1, 2, NULL, 3, 1),
	(126, '2017', 4, 1, 3, NULL, 3, 1),
	(127, '2017', 4, 1, 4, NULL, 3, 1),
	(128, '2017', 4, 1, 5, NULL, 3, 1),
	(129, '2017', 4, 1, 6, NULL, 3, 1),
	(130, '2017', 4, 1, 7, NULL, 3, 1),
	(131, '2017', 4, 1, 8, NULL, 3, 1),
	(132, '2017', 4, 1, 9, NULL, 3, 1),
	(133, '2017', 4, 1, 10, NULL, 3, 1),
	(134, '2017', 4, 1, 11, NULL, 3, 1),
	(135, '2017', 4, 1, 12, NULL, 3, 1),
	(136, '2017', 4, 1, 13, NULL, 3, 1),
	(137, '2017', 4, 1, 14, NULL, 3, 1),
	(138, '2017', 4, 1, 15, NULL, 3, 1),
	(139, '2017', 4, 1, 16, NULL, 3, 1),
	(140, '2017', 4, 1, 17, NULL, 3, 1),
	(141, '2017', 4, 1, 1, 1, 2, 1),
	(142, '2017', 4, 1, 1, 2, 2, 1),
	(143, '2017', 4, 1, 1, 3, 2, 1),
	(144, '2017', 4, 1, 2, 4, 2, 1),
	(145, '2017', 4, 1, 2, 5, 2, 1),
	(146, '2017', 4, 1, 2, 6, 2, 1),
	(147, '2017', 4, 1, 2, 7, 2, 1),
	(148, '2017', 4, 1, 1, NULL, 2, 1),
	(149, '2017', 4, 1, 2, NULL, 2, 1),
	(150, '2017', 4, 1, 3, NULL, 2, 1),
	(151, '2017', 4, 1, 4, NULL, 2, 1),
	(152, '2017', 4, 1, 5, NULL, 2, 1),
	(153, '2017', 4, 1, 6, NULL, 2, 1),
	(154, '2017', 4, 1, 7, NULL, 2, 1),
	(155, '2017', 4, 1, 8, NULL, 2, 1),
	(156, '2017', 4, 1, 9, NULL, 2, 1),
	(157, '2017', 4, 1, 10, NULL, 2, 1),
	(158, '2017', 4, 1, 11, NULL, 2, 1),
	(159, '2017', 4, 1, 12, NULL, 2, 1),
	(160, '2017', 4, 1, 13, NULL, 2, 1),
	(161, '2017', 4, 1, 14, NULL, 2, 1),
	(162, '2017', 4, 1, 15, NULL, 2, 1),
	(163, '2017', 4, 1, 16, NULL, 2, 1),
	(164, '2017', 4, 1, 17, NULL, 2, 1),
	(165, '2017', 4, 1, 1, 1, 1, 1),
	(166, '2017', 4, 1, 1, 2, 1, 1),
	(167, '2017', 4, 1, 1, 3, 1, 1),
	(168, '2017', 4, 1, 2, 4, 1, 1),
	(169, '2017', 4, 1, 2, 5, 1, 1),
	(170, '2017', 4, 1, 2, 6, 1, 1),
	(171, '2017', 4, 1, 2, 7, 1, 1),
	(172, '2017', 4, 1, 1, NULL, 1, 0),
	(173, '2017', 4, 1, 2, NULL, 1, 1),
	(174, '2017', 4, 1, 3, NULL, 1, 1),
	(175, '2017', 4, 1, 4, NULL, 1, 1),
	(176, '2017', 4, 1, 5, NULL, 1, 1),
	(177, '2017', 4, 1, 6, NULL, 1, 1),
	(178, '2017', 4, 1, 7, NULL, 1, 1),
	(179, '2017', 4, 1, 8, NULL, 1, 1),
	(180, '2017', 4, 1, 9, NULL, 1, 1),
	(181, '2017', 4, 1, 10, NULL, 1, 1),
	(182, '2017', 4, 1, 11, NULL, 1, 1),
	(183, '2017', 4, 1, 12, NULL, 1, 1),
	(184, '2017', 4, 1, 13, NULL, 1, 1),
	(185, '2017', 4, 1, 14, NULL, 1, 1),
	(186, '2017', 4, 1, 15, NULL, 1, 1),
	(187, '2017', 4, 1, 16, NULL, 1, 1),
	(188, '2017', 4, 1, 17, NULL, 1, 1),
	(189, '2017', 1, 1, 1, 1, 3, 1),
	(190, '2017', 1, 1, 1, 2, 3, 1),
	(191, '2017', 1, 1, 1, 3, 3, 1),
	(192, '2017', 1, 1, 2, 4, 3, 1),
	(193, '2017', 1, 1, 2, 5, 3, 1),
	(194, '2017', 1, 1, 2, 6, 3, 1),
	(195, '2017', 1, 1, 2, 7, 3, 1),
	(196, '2017', 1, 1, 1, NULL, 3, 1),
	(197, '2017', 1, 1, 2, NULL, 3, 1),
	(198, '2017', 1, 1, 3, NULL, 3, 0),
	(199, '2017', 1, 1, 4, NULL, 3, 1),
	(200, '2017', 1, 1, 5, NULL, 3, 1),
	(201, '2017', 1, 1, 6, NULL, 3, 1),
	(202, '2017', 1, 1, 7, NULL, 3, 1),
	(203, '2017', 1, 1, 8, NULL, 3, 1),
	(204, '2017', 1, 1, 9, NULL, 3, 1),
	(205, '2017', 1, 1, 10, NULL, 3, 1),
	(206, '2017', 1, 1, 11, NULL, 3, 1),
	(207, '2017', 1, 1, 12, NULL, 3, 1),
	(208, '2017', 1, 1, 13, NULL, 3, 1),
	(209, '2017', 1, 1, 14, NULL, 3, 1),
	(210, '2017', 1, 1, 15, NULL, 3, 1),
	(211, '2017', 1, 1, 16, NULL, 3, 1),
	(212, '2017', 1, 1, 17, NULL, 3, 1),
	(213, '2017', 1, 1, 1, 1, 2, 1),
	(214, '2017', 1, 1, 1, 2, 2, 1),
	(215, '2017', 1, 1, 1, 3, 2, 1),
	(216, '2017', 1, 1, 2, 4, 2, 1),
	(217, '2017', 1, 1, 2, 5, 2, 1),
	(218, '2017', 1, 1, 2, 6, 2, 1),
	(219, '2017', 1, 1, 2, 7, 2, 1),
	(220, '2017', 1, 1, 1, NULL, 2, 1),
	(221, '2017', 1, 1, 2, NULL, 2, 1),
	(222, '2017', 1, 1, 3, NULL, 2, 1),
	(223, '2017', 1, 1, 4, NULL, 2, 1),
	(224, '2017', 1, 1, 5, NULL, 2, 1),
	(225, '2017', 1, 1, 6, NULL, 2, 1),
	(226, '2017', 1, 1, 7, NULL, 2, 1),
	(227, '2017', 1, 1, 8, NULL, 2, 1),
	(228, '2017', 1, 1, 9, NULL, 2, 1),
	(229, '2017', 1, 1, 10, NULL, 2, 1),
	(230, '2017', 1, 1, 11, NULL, 2, 1),
	(231, '2017', 1, 1, 12, NULL, 2, 1),
	(232, '2017', 1, 1, 13, NULL, 2, 1),
	(233, '2017', 1, 1, 14, NULL, 2, 1),
	(234, '2017', 1, 1, 15, NULL, 2, 1),
	(235, '2017', 1, 1, 16, NULL, 2, 1),
	(236, '2017', 1, 1, 17, NULL, 2, 1),
	(237, '2017', 1, 1, 1, 1, 1, 1),
	(238, '2017', 1, 1, 1, 2, 1, 1),
	(239, '2017', 1, 1, 1, 3, 1, 1),
	(240, '2017', 1, 1, 2, 4, 1, 1),
	(241, '2017', 1, 1, 2, 5, 1, 1),
	(242, '2017', 1, 1, 2, 6, 1, 1),
	(243, '2017', 1, 1, 2, 7, 1, 1),
	(244, '2017', 1, 1, 1, NULL, 1, 1),
	(245, '2017', 1, 1, 2, NULL, 1, 1),
	(246, '2017', 1, 1, 3, NULL, 1, 1),
	(247, '2017', 1, 1, 4, NULL, 1, 1),
	(248, '2017', 1, 1, 5, NULL, 1, 1),
	(249, '2017', 1, 1, 6, NULL, 1, 1),
	(250, '2017', 1, 1, 7, NULL, 1, 1),
	(251, '2017', 1, 1, 8, NULL, 1, 1),
	(252, '2017', 1, 1, 9, NULL, 1, 1),
	(253, '2017', 1, 1, 10, NULL, 1, 1),
	(254, '2017', 1, 1, 11, NULL, 1, 1),
	(255, '2017', 1, 1, 12, NULL, 1, 1),
	(256, '2017', 1, 1, 13, NULL, 1, 1),
	(257, '2017', 1, 1, 14, NULL, 1, 1),
	(258, '2017', 1, 1, 15, NULL, 1, 1),
	(259, '2017', 1, 1, 16, NULL, 1, 1),
	(260, '2017', 1, 1, 17, NULL, 1, 1),
	(261, '2017', 3, 1, 1, 1, 3, 1),
	(262, '2017', 3, 1, 1, 2, 3, 1),
	(263, '2017', 3, 1, 1, 3, 3, 1),
	(264, '2017', 3, 1, 2, 4, 3, 1),
	(265, '2017', 3, 1, 2, 5, 3, 1),
	(266, '2017', 3, 1, 2, 6, 3, 1),
	(267, '2017', 3, 1, 2, 7, 3, 1),
	(268, '2017', 3, 1, 1, NULL, 3, 1),
	(269, '2017', 3, 1, 2, NULL, 3, 1),
	(270, '2017', 3, 1, 3, NULL, 3, 1),
	(271, '2017', 3, 1, 4, NULL, 3, 1),
	(272, '2017', 3, 1, 5, NULL, 3, 1),
	(273, '2017', 3, 1, 6, NULL, 3, 1),
	(274, '2017', 3, 1, 7, NULL, 3, 1),
	(275, '2017', 3, 1, 8, NULL, 3, 1),
	(276, '2017', 3, 1, 9, NULL, 3, 1),
	(277, '2017', 3, 1, 10, NULL, 3, 1),
	(278, '2017', 3, 1, 11, NULL, 3, 1),
	(279, '2017', 3, 1, 12, NULL, 3, 1),
	(280, '2017', 3, 1, 13, NULL, 3, 1),
	(281, '2017', 3, 1, 14, NULL, 3, 1),
	(282, '2017', 3, 1, 15, NULL, 3, 1),
	(283, '2017', 3, 1, 16, NULL, 3, 1),
	(284, '2017', 3, 1, 17, NULL, 3, 1),
	(285, '2017', 3, 1, 1, 1, 2, 1),
	(286, '2017', 3, 1, 1, 2, 2, 1),
	(287, '2017', 3, 1, 1, 3, 2, 1),
	(288, '2017', 3, 1, 2, 4, 2, 1),
	(289, '2017', 3, 1, 2, 5, 2, 1),
	(290, '2017', 3, 1, 2, 6, 2, 1),
	(291, '2017', 3, 1, 2, 7, 2, 1),
	(292, '2017', 3, 1, 1, NULL, 2, 1),
	(293, '2017', 3, 1, 2, NULL, 2, 1),
	(294, '2017', 3, 1, 3, NULL, 2, 1),
	(295, '2017', 3, 1, 4, NULL, 2, 1),
	(296, '2017', 3, 1, 5, NULL, 2, 1),
	(297, '2017', 3, 1, 6, NULL, 2, 1),
	(298, '2017', 3, 1, 7, NULL, 2, 1),
	(299, '2017', 3, 1, 8, NULL, 2, 1),
	(300, '2017', 3, 1, 9, NULL, 2, 1),
	(301, '2017', 3, 1, 10, NULL, 2, 1),
	(302, '2017', 3, 1, 11, NULL, 2, 1),
	(303, '2017', 3, 1, 12, NULL, 2, 1),
	(304, '2017', 3, 1, 13, NULL, 2, 1),
	(305, '2017', 3, 1, 14, NULL, 2, 1),
	(306, '2017', 3, 1, 15, NULL, 2, 1),
	(307, '2017', 3, 1, 16, NULL, 2, 1),
	(308, '2017', 3, 1, 17, NULL, 2, 1),
	(309, '2017', 3, 1, 1, 1, 1, 1),
	(310, '2017', 3, 1, 1, 2, 1, 1),
	(311, '2017', 3, 1, 1, 3, 1, 1),
	(312, '2017', 3, 1, 2, 4, 1, 1),
	(313, '2017', 3, 1, 2, 5, 1, 1),
	(314, '2017', 3, 1, 2, 6, 1, 1),
	(315, '2017', 3, 1, 2, 7, 1, 1),
	(316, '2017', 3, 1, 1, NULL, 1, 1),
	(317, '2017', 3, 1, 2, NULL, 1, 1),
	(318, '2017', 3, 1, 3, NULL, 1, 1),
	(319, '2017', 3, 1, 4, NULL, 1, 1),
	(320, '2017', 3, 1, 5, NULL, 1, 1),
	(321, '2017', 3, 1, 6, NULL, 1, 1),
	(322, '2017', 3, 1, 7, NULL, 1, 1),
	(323, '2017', 3, 1, 8, NULL, 1, 1),
	(324, '2017', 3, 1, 9, NULL, 1, 1),
	(325, '2017', 3, 1, 10, NULL, 1, 1),
	(326, '2017', 3, 1, 11, NULL, 1, 1),
	(327, '2017', 3, 1, 12, NULL, 1, 1),
	(328, '2017', 3, 1, 13, NULL, 1, 1),
	(329, '2017', 3, 1, 14, NULL, 1, 1),
	(330, '2017', 3, 1, 15, NULL, 1, 1),
	(331, '2017', 3, 1, 16, NULL, 1, 1),
	(332, '2017', 3, 1, 17, NULL, 1, 1),
	(333, '2015', 1, 1, 1, 1, 3, 1),
	(334, '2015', 1, 1, 1, 2, 3, 1),
	(335, '2015', 1, 1, 1, 3, 3, 1),
	(336, '2015', 1, 1, 2, 4, 3, 1),
	(337, '2015', 1, 1, 2, 5, 3, 1),
	(338, '2015', 1, 1, 2, 6, 3, 1),
	(339, '2015', 1, 1, 2, 7, 3, 1),
	(340, '2015', 1, 1, 1, NULL, 3, 1),
	(341, '2015', 1, 1, 2, NULL, 3, 1),
	(342, '2015', 1, 1, 3, NULL, 3, 1),
	(343, '2015', 1, 1, 4, NULL, 3, 1),
	(344, '2015', 1, 1, 5, NULL, 3, 1),
	(345, '2015', 1, 1, 6, NULL, 3, 1),
	(346, '2015', 1, 1, 7, NULL, 3, 1),
	(347, '2015', 1, 1, 8, NULL, 3, 1),
	(348, '2015', 1, 1, 9, NULL, 3, 1),
	(349, '2015', 1, 1, 10, NULL, 3, 1),
	(350, '2015', 1, 1, 11, NULL, 3, 1),
	(351, '2015', 1, 1, 12, NULL, 3, 1),
	(352, '2015', 1, 1, 13, NULL, 3, 1),
	(353, '2015', 1, 1, 14, NULL, 3, 1),
	(354, '2015', 1, 1, 15, NULL, 3, 1),
	(355, '2015', 1, 1, 16, NULL, 3, 1),
	(356, '2015', 1, 1, 17, NULL, 3, 1),
	(357, '2015', 1, 1, 1, 1, 2, 1),
	(358, '2015', 1, 1, 1, 2, 2, 1),
	(359, '2015', 1, 1, 1, 3, 2, 1),
	(360, '2015', 1, 1, 2, 4, 2, 1),
	(361, '2015', 1, 1, 2, 5, 2, 1),
	(362, '2015', 1, 1, 2, 6, 2, 1),
	(363, '2015', 1, 1, 2, 7, 2, 1),
	(364, '2015', 1, 1, 1, NULL, 2, 1),
	(365, '2015', 1, 1, 2, NULL, 2, 1),
	(366, '2015', 1, 1, 3, NULL, 2, 1),
	(367, '2015', 1, 1, 4, NULL, 2, 1),
	(368, '2015', 1, 1, 5, NULL, 2, 1),
	(369, '2015', 1, 1, 6, NULL, 2, 1),
	(370, '2015', 1, 1, 7, NULL, 2, 1),
	(371, '2015', 1, 1, 8, NULL, 2, 1),
	(372, '2015', 1, 1, 9, NULL, 2, 1),
	(373, '2015', 1, 1, 10, NULL, 2, 1),
	(374, '2015', 1, 1, 11, NULL, 2, 1),
	(375, '2015', 1, 1, 12, NULL, 2, 1),
	(376, '2015', 1, 1, 13, NULL, 2, 1),
	(377, '2015', 1, 1, 14, NULL, 2, 1),
	(378, '2015', 1, 1, 15, NULL, 2, 1),
	(379, '2015', 1, 1, 16, NULL, 2, 1),
	(380, '2015', 1, 1, 17, NULL, 2, 1),
	(381, '2015', 1, 1, 1, 1, 1, 1),
	(382, '2015', 1, 1, 1, 2, 1, 1),
	(383, '2015', 1, 1, 1, 3, 1, 1),
	(384, '2015', 1, 1, 2, 4, 1, 1),
	(385, '2015', 1, 1, 2, 5, 1, 1),
	(386, '2015', 1, 1, 2, 6, 1, 1),
	(387, '2015', 1, 1, 2, 7, 1, 1),
	(388, '2015', 1, 1, 1, NULL, 1, 0),
	(389, '2015', 1, 1, 2, NULL, 1, 1),
	(390, '2015', 1, 1, 3, NULL, 1, 1),
	(391, '2015', 1, 1, 4, NULL, 1, 1),
	(392, '2015', 1, 1, 5, NULL, 1, 1),
	(393, '2015', 1, 1, 6, NULL, 1, 1),
	(394, '2015', 1, 1, 7, NULL, 1, 1),
	(395, '2015', 1, 1, 8, NULL, 1, 1),
	(396, '2015', 1, 1, 9, NULL, 1, 1),
	(397, '2015', 1, 1, 10, NULL, 1, 1),
	(398, '2015', 1, 1, 11, NULL, 1, 1),
	(399, '2015', 1, 1, 12, NULL, 1, 1),
	(400, '2015', 1, 1, 13, NULL, 1, 1),
	(401, '2015', 1, 1, 14, NULL, 1, 1),
	(402, '2015', 1, 1, 15, NULL, 1, 1),
	(403, '2015', 1, 1, 16, NULL, 1, 1),
	(404, '2015', 1, 1, 17, NULL, 1, 1),
	(405, '2017', 4, 2, 18, 8, NULL, 1),
	(406, '2017', 4, 2, 18, 9, NULL, 1),
	(407, '2017', 4, 2, 18, 10, NULL, 1),
	(408, '2017', 4, 2, 18, 11, NULL, 1),
	(409, '2017', 4, 2, 18, 12, NULL, 1),
	(410, '2017', 4, 2, 18, 13, NULL, 1),
	(411, '2017', 4, 2, 18, 14, NULL, 1),
	(412, '2017', 4, 2, 18, 15, NULL, 1),
	(413, '2017', 4, 2, 18, 16, NULL, 1),
	(414, '2017', 4, 2, 18, 17, NULL, 1),
	(415, '2017', 4, 2, 18, 18, NULL, 1),
	(416, '2017', 4, 2, 18, 19, NULL, 1),
	(417, '2017', 4, 2, 21, 20, NULL, 1),
	(418, '2017', 4, 2, 21, 21, NULL, 1),
	(419, '2017', 4, 2, 23, 22, NULL, 1),
	(420, '2017', 4, 2, 23, 23, NULL, 1),
	(421, '2017', 4, 2, 18, NULL, NULL, 1),
	(422, '2017', 4, 2, 19, NULL, NULL, 1),
	(423, '2017', 4, 2, 20, NULL, NULL, 1),
	(424, '2017', 4, 2, 21, NULL, NULL, 1),
	(425, '2017', 4, 2, 22, NULL, NULL, 1),
	(426, '2017', 4, 2, 23, NULL, NULL, 1),
	(427, '2016', 2, 1, 1, 1, 3, 1),
	(428, '2016', 2, 1, 1, 2, 3, 1),
	(429, '2016', 2, 1, 1, 3, 3, 1),
	(430, '2016', 2, 1, 2, 4, 3, 1),
	(431, '2016', 2, 1, 2, 5, 3, 1),
	(432, '2016', 2, 1, 2, 6, 3, 1),
	(433, '2016', 2, 1, 2, 7, 3, 1),
	(434, '2016', 2, 1, 1, NULL, 3, 1),
	(435, '2016', 2, 1, 2, NULL, 3, 1),
	(436, '2016', 2, 1, 3, NULL, 3, 1),
	(437, '2016', 2, 1, 4, NULL, 3, 1),
	(438, '2016', 2, 1, 5, NULL, 3, 1),
	(439, '2016', 2, 1, 6, NULL, 3, 1),
	(440, '2016', 2, 1, 7, NULL, 3, 1),
	(441, '2016', 2, 1, 8, NULL, 3, 1),
	(442, '2016', 2, 1, 9, NULL, 3, 1),
	(443, '2016', 2, 1, 10, NULL, 3, 1),
	(444, '2016', 2, 1, 11, NULL, 3, 1),
	(445, '2016', 2, 1, 12, NULL, 3, 1),
	(446, '2016', 2, 1, 13, NULL, 3, 1),
	(447, '2016', 2, 1, 14, NULL, 3, 1),
	(448, '2016', 2, 1, 15, NULL, 3, 1),
	(449, '2016', 2, 1, 16, NULL, 3, 1),
	(450, '2016', 2, 1, 17, NULL, 3, 1),
	(451, '2016', 2, 1, 1, 1, 2, 1),
	(452, '2016', 2, 1, 1, 2, 2, 1),
	(453, '2016', 2, 1, 1, 3, 2, 1),
	(454, '2016', 2, 1, 2, 4, 2, 1),
	(455, '2016', 2, 1, 2, 5, 2, 1),
	(456, '2016', 2, 1, 2, 6, 2, 1),
	(457, '2016', 2, 1, 2, 7, 2, 1),
	(458, '2016', 2, 1, 1, NULL, 2, 1),
	(459, '2016', 2, 1, 2, NULL, 2, 1),
	(460, '2016', 2, 1, 3, NULL, 2, 1),
	(461, '2016', 2, 1, 4, NULL, 2, 1),
	(462, '2016', 2, 1, 5, NULL, 2, 1),
	(463, '2016', 2, 1, 6, NULL, 2, 1),
	(464, '2016', 2, 1, 7, NULL, 2, 1),
	(465, '2016', 2, 1, 8, NULL, 2, 1),
	(466, '2016', 2, 1, 9, NULL, 2, 1),
	(467, '2016', 2, 1, 10, NULL, 2, 1),
	(468, '2016', 2, 1, 11, NULL, 2, 1),
	(469, '2016', 2, 1, 12, NULL, 2, 1),
	(470, '2016', 2, 1, 13, NULL, 2, 1),
	(471, '2016', 2, 1, 14, NULL, 2, 1),
	(472, '2016', 2, 1, 15, NULL, 2, 1),
	(473, '2016', 2, 1, 16, NULL, 2, 1),
	(474, '2016', 2, 1, 17, NULL, 2, 1),
	(475, '2016', 2, 1, 1, 1, 1, 1),
	(476, '2016', 2, 1, 1, 2, 1, 1),
	(477, '2016', 2, 1, 1, 3, 1, 1),
	(478, '2016', 2, 1, 2, 4, 1, 1),
	(479, '2016', 2, 1, 2, 5, 1, 1),
	(480, '2016', 2, 1, 2, 6, 1, 1),
	(481, '2016', 2, 1, 2, 7, 1, 1),
	(482, '2016', 2, 1, 1, NULL, 1, 1),
	(483, '2016', 2, 1, 2, NULL, 1, 1),
	(484, '2016', 2, 1, 3, NULL, 1, 1),
	(485, '2016', 2, 1, 4, NULL, 1, 1),
	(486, '2016', 2, 1, 5, NULL, 1, 1),
	(487, '2016', 2, 1, 6, NULL, 1, 1),
	(488, '2016', 2, 1, 7, NULL, 1, 1),
	(489, '2016', 2, 1, 8, NULL, 1, 1),
	(490, '2016', 2, 1, 9, NULL, 1, 1),
	(491, '2016', 2, 1, 10, NULL, 1, 1),
	(492, '2016', 2, 1, 11, NULL, 1, 1),
	(493, '2016', 2, 1, 12, NULL, 1, 1),
	(494, '2016', 2, 1, 13, NULL, 1, 1),
	(495, '2016', 2, 1, 14, NULL, 1, 1),
	(496, '2016', 2, 1, 15, NULL, 1, 1),
	(497, '2016', 2, 1, 16, NULL, 1, 1),
	(498, '2016', 2, 1, 17, NULL, 1, 1);
/*!40000 ALTER TABLE `rekap_fenomena` ENABLE KEYS */;

-- Dumping structure for table bps1101_db_phenomenom.route
DROP TABLE IF EXISTS `route`;
CREATE TABLE IF NOT EXISTS `route` (
  `name` varchar(64) COLLATE utf8_unicode_ci NOT NULL,
  `alias` varchar(64) COLLATE utf8_unicode_ci NOT NULL,
  `type` varchar(64) COLLATE utf8_unicode_ci NOT NULL,
  `status` smallint(6) NOT NULL DEFAULT '1',
  PRIMARY KEY (`name`)
) ENGINE=InnoDB DEFAULT CHARSET=utf8 COLLATE=utf8_unicode_ci;

-- Dumping data for table bps1101_db_phenomenom.route: ~69 rows (approximately)
/*!40000 ALTER TABLE `route` DISABLE KEYS */;
INSERT INTO `route` (`name`, `alias`, `type`, `status`) VALUES
	('/*', '*', '', 1),
	('/fenomena/*', '*', 'fenomena', 1),
	('/fenomena/create', 'create', 'fenomena', 1),
	('/fenomena/delete', 'delete', 'fenomena', 1),
	('/fenomena/index', 'index', 'fenomena', 1),
	('/fenomena/update', 'update', 'fenomena', 1),
	('/fenomena/upload', 'upload', 'fenomena', 1),
	('/fenomena/verifikasi', 'verifikasi', 'fenomena', 1),
	('/fenomena/view', 'view', 'fenomena', 1),
	('/m-kategori-pdrb/*', '*', 'm-kategori-pdrb', 1),
	('/m-kategori-pdrb/create', 'create', 'm-kategori-pdrb', 1),
	('/m-kategori-pdrb/delete', 'delete', 'm-kategori-pdrb', 1),
	('/m-kategori-pdrb/index', 'index', 'm-kategori-pdrb', 1),
	('/m-kategori-pdrb/update', 'update', 'm-kategori-pdrb', 1),
	('/m-kategori-pdrb/view', 'view', 'm-kategori-pdrb', 1),
	('/m-pdrb/*', '*', 'm-pdrb', 1),
	('/m-pdrb/create', 'create', 'm-pdrb', 1),
	('/m-pdrb/delete', 'delete', 'm-pdrb', 1),
	('/m-pdrb/index', 'index', 'm-pdrb', 1),
	('/m-pdrb/update', 'update', 'm-pdrb', 1),
	('/m-pdrb/view', 'view', 'm-pdrb', 1),
	('/m-subkategori/*', '*', 'm-subkategori', 1),
	('/m-subkategori/create', 'create', 'm-subkategori', 1),
	('/m-subkategori/delete', 'delete', 'm-subkategori', 1),
	('/m-subkategori/index', 'index', 'm-subkategori', 1),
	('/m-subkategori/update', 'update', 'm-subkategori', 1),
	('/m-subkategori/view', 'view', 'm-subkategori', 1),
	('/mimin/*', '*', 'mimin', 1),
	('/mimin/role/*', '*', 'mimin/role', 1),
	('/mimin/role/create', 'create', 'mimin/role', 1),
	('/mimin/role/delete', 'delete', 'mimin/role', 1),
	('/mimin/role/index', 'index', 'mimin/role', 1),
	('/mimin/role/permission', 'permission', 'mimin/role', 1),
	('/mimin/role/update', 'update', 'mimin/role', 1),
	('/mimin/role/view', 'view', 'mimin/role', 1),
	('/mimin/route/*', '*', 'mimin/route', 1),
	('/mimin/route/create', 'create', 'mimin/route', 1),
	('/mimin/route/delete', 'delete', 'mimin/route', 1),
	('/mimin/route/generate', 'generate', 'mimin/route', 1),
	('/mimin/route/index', 'index', 'mimin/route', 1),
	('/mimin/route/update', 'update', 'mimin/route', 1),
	('/mimin/route/view', 'view', 'mimin/route', 1),
	('/mimin/user/*', '*', 'mimin/user', 1),
	('/mimin/user/create', 'create', 'mimin/user', 1),
	('/mimin/user/delete', 'delete', 'mimin/user', 1),
	('/mimin/user/index', 'index', 'mimin/user', 1),
	('/mimin/user/update', 'update', 'mimin/user', 1),
	('/mimin/user/view', 'view', 'mimin/user', 1),
	('/rekap-fenomena/*', '*', 'rekap-fenomena', 1),
	('/rekap-fenomena/create', 'create', 'rekap-fenomena', 1),
	('/rekap-fenomena/delete', 'delete', 'rekap-fenomena', 1),
	('/rekap-fenomena/index', 'index', 'rekap-fenomena', 1),
	('/rekap-fenomena/tabulasi', 'tabulasi', 'rekap-fenomena', 1),
	('/rekap-fenomena/update', 'update', 'rekap-fenomena', 1),
	('/rekap-fenomena/view', 'view', 'rekap-fenomena', 1),
	('/site/*', '*', 'site', 1),
	('/site/about', 'about', 'site', 1),
	('/site/captcha', 'captcha', 'site', 1),
	('/site/contact', 'contact', 'site', 1),
	('/site/error', 'error', 'site', 1),
	('/site/index', 'index', 'site', 1),
	('/site/login', 'login', 'site', 1),
	('/site/logout', 'logout', 'site', 1),
	('/site/signup', 'signup', 'site', 1),
	('/user-profil/*', '*', 'user-profil', 1),
	('/user-profil/create', 'create', 'user-profil', 1),
	('/user-profil/delete', 'delete', 'user-profil', 1),
	('/user-profil/index', 'index', 'user-profil', 1),
	('/user-profil/update', 'update', 'user-profil', 1),
	('/user-profil/view', 'view', 'user-profil', 1);
/*!40000 ALTER TABLE `route` ENABLE KEYS */;

-- Dumping structure for table bps1101_db_phenomenom.t_fenomena
DROP TABLE IF EXISTS `t_fenomena`;
CREATE TABLE IF NOT EXISTS `t_fenomena` (
  `id_fenomena` int(11) NOT NULL AUTO_INCREMENT,
  `date_created` date DEFAULT NULL,
  `author` int(11) DEFAULT NULL,
  `judul` varchar(255) DEFAULT NULL,
  `summary` text,
  `berkas` varchar(255) DEFAULT NULL,
  `tag` varchar(255) DEFAULT NULL,
  `is_verified` int(1) DEFAULT NULL,
  `date_verified` date DEFAULT NULL,
  `judul_rev` varchar(255) DEFAULT NULL,
  `summary_rev` text,
  `triwulan` int(1) DEFAULT NULL,
  `tahun` year(4) DEFAULT NULL,
  `id_pdrb` int(1) DEFAULT NULL,
  `id_kategori_pdrb` int(2) DEFAULT NULL,
  `id_subkategori` int(2) DEFAULT NULL,
  PRIMARY KEY (`id_fenomena`)
) ENGINE=InnoDB AUTO_INCREMENT=72 DEFAULT CHARSET=latin1 COMMENT='Tabel transaksi daftar fenomena';

-- Dumping data for table bps1101_db_phenomenom.t_fenomena: ~2 rows (approximately)
/*!40000 ALTER TABLE `t_fenomena` DISABLE KEYS */;
INSERT INTO `t_fenomena` (`id_fenomena`, `date_created`, `author`, `judul`, `summary`, `berkas`, `tag`, `is_verified`, `date_verified`, `judul_rev`, `summary_rev`, `triwulan`, `tahun`, `id_pdrb`, `id_kategori_pdrb`, `id_subkategori`) VALUES
	(69, '2017-04-18', 1, 'Output Pertanian naik', '<p><i>sumber data: SIMTP pada triwulan 1 tahun 2017</i></p><hr><p><i>Isi Terjadi peningkatan luas panen pada triwulan 1 tahun 2017 dibanding triwulan 4 tahun 2016</i></p>', NULL, 'padi', 1, '2017-04-25', 'Output Pertanian naik', '<p><i>sumber data: SIMTP pada triwulan 1 tahun 2017</i></p><hr><p><i>Isi Terjadi peningkatan luas panen pada triwulan 1 tahun 2017 dibanding triwulan 4 tahun 2016</i></p>', 1, '2017', 1, 1, 1),
	(70, '2017-04-18', 1, 'konsumsi LNPRT naik', '<p><i>sumber data: SKLNPRT</i></p><hr><p><i>Isi Pemilihan Kepala Daerah pada triwulan 1 tahun 2017 meningkatkan konsumsi komponen LNPRT</i></p>', NULL, 'LNPRT', 1, '2017-05-25', 'konsumsi LNPRT naik', '<p><i>sumber data: SKLNPRT</i></p><hr><p><i>Isi Pemilihan Kepala Daerah pada triwulan 1 tahun 2017 meningkatkan konsumsi komponen LNPRT</i></p>', 1, '2017', 2, 19, NULL),
	(71, '2017-05-07', 4, 'PDAM mengalami permasalahan ', '<p><i>sumber data: Pengamatan Langsung</i></p><hr><p><i>PDAM menunggak listrik</i></p>', NULL, '', NULL, NULL, NULL, NULL, NULL, NULL, NULL, NULL, NULL);
/*!40000 ALTER TABLE `t_fenomena` ENABLE KEYS */;

-- Dumping structure for table bps1101_db_phenomenom.user
DROP TABLE IF EXISTS `user`;
CREATE TABLE IF NOT EXISTS `user` (
  `id` int(11) NOT NULL AUTO_INCREMENT,
  `username` varchar(255) COLLATE utf8_unicode_ci NOT NULL,
  `auth_key` varchar(32) COLLATE utf8_unicode_ci DEFAULT NULL,
  `password_hash` varchar(255) COLLATE utf8_unicode_ci NOT NULL,
  `password_reset_token` varchar(255) COLLATE utf8_unicode_ci DEFAULT NULL,
  `email` varchar(255) COLLATE utf8_unicode_ci NOT NULL,
  `status` smallint(6) NOT NULL DEFAULT '10',
  `created_at` int(11) NOT NULL,
  `updated_at` int(11) NOT NULL,
  PRIMARY KEY (`id`),
  UNIQUE KEY `username` (`username`),
  UNIQUE KEY `email` (`email`),
  UNIQUE KEY `password_reset_token` (`password_reset_token`)
) ENGINE=InnoDB AUTO_INCREMENT=20 DEFAULT CHARSET=utf8 COLLATE=utf8_unicode_ci;

-- Dumping data for table bps1101_db_phenomenom.user: ~3 rows (approximately)
/*!40000 ALTER TABLE `user` DISABLE KEYS */;
INSERT INTO `user` (`id`, `username`, `auth_key`, `password_hash`, `password_reset_token`, `email`, `status`, `created_at`, `updated_at`) VALUES
	(1, 'admin', 'UOGugWr4naCBl2ohBh6no9SEL8sFZ3Ky', '$2y$13$GRFIuqhdONnOvZfSSUUblOHR0Qukm6q0c8W/WMsQulVgSc4XD2ZBC', NULL, 'bps1101@bps.go.id', 10, 1492858761, 1492865897),
	(4, 'roufiq', 'qmS1J0p5x6sB9jHTNZ9Z3a4M6kKDj5k_', '$2y$13$aAa/QuD67i0n2OBmX1v1hO46aQN9XECHPzfEHxaDvG3T5BE5SYOKC', NULL, 'roufiq@bps.go.id', 10, 1492859191, 1492969065),
	(11, 'djamal', 'LzkB8yv2al4kZL0Bfafrjjx-i4zUAfzY', '$2y$13$/.MIE8OnqIzzOHyR3Hgnj.ojcS7s2TavlcnadULz492qznkIfz7bm', NULL, 'keboy@mail.com', 10, 1493134082, 1493190579),
	(19, 'andi', 'QcKRNyZY0S_hWw_Hd6XJwigm-cE9vuLu', '$2y$13$Lwslcu1DqniEVT53mUDaK.sVTaP/ZQN2JjuGoOhH1nCNggGgehhNu', NULL, 'andi@bps.go.id', 10, 1493300466, 1493790602);
/*!40000 ALTER TABLE `user` ENABLE KEYS */;

-- Dumping structure for table bps1101_db_phenomenom.user_profil
DROP TABLE IF EXISTS `user_profil`;
CREATE TABLE IF NOT EXISTS `user_profil` (
  `nip` varchar(50) NOT NULL,
  `nama` varchar(255) DEFAULT NULL,
  `jabatan` varchar(255) DEFAULT NULL,
  `username` varchar(50) DEFAULT NULL,
  `photo` varchar(255) DEFAULT NULL,
  PRIMARY KEY (`nip`)
) ENGINE=InnoDB DEFAULT CHARSET=latin1 COMMENT='Profil Detail User ';

-- Dumping data for table bps1101_db_phenomenom.user_profil: ~3 rows (approximately)
/*!40000 ALTER TABLE `user_profil` DISABLE KEYS */;
INSERT INTO `user_profil` (`nip`, `nama`, `jabatan`, `username`, `photo`) VALUES
	('1234567890', 'Administrator', 'Admin', 'admin', 'admin1.jpg'),
	('197605281999011001', 'Andi Hardiyanto', 'Kepala BPS Kabupaten Simeulue', 'andi', 'KaQDSsu7T4nCdSD4Q7LgaSYSn5qgfkP3.jpg'),
	('199103182013111001', 'Moh. Roufiq Azmy', 'Staf Seksi IPDS', 'roufiq', '08.5726_MOH.jpg'),
	('9823789173981739837983', 'Djamaluddin', 'Seksi Sosial', 'djamal', 'Ng-64zxXiFhQWRxY8iSRuJeLqDy1nyOh.jpg');
/*!40000 ALTER TABLE `user_profil` ENABLE KEYS */;

/*!40101 SET SQL_MODE=IFNULL(@OLD_SQL_MODE, '') */;
/*!40014 SET FOREIGN_KEY_CHECKS=IF(@OLD_FOREIGN_KEY_CHECKS IS NULL, 1, @OLD_FOREIGN_KEY_CHECKS) */;
/*!40101 SET CHARACTER_SET_CLIENT=@OLD_CHARACTER_SET_CLIENT */;
